{
  "gaps": {
    "follow_through_rate": 0.46938775510204084,
    "reversal_rate": 0.5306122448979591,
    "avg_gap_size": 1.4837163052330926,
    "total_gaps": 49
  },
  "intraday": {
    "morning_strength_rate": 0.574468085106383,
    "morning_fade_rate": 0.02127659574468085,
    "afternoon_recovery_rate": 0.0425531914893617,
    "all_day_weak_rate": 0.3617021276595745
  },
  "volume": {
    "avg_volume": 175220654.44444445,
    "high_volume_bullish_rate": 0.5,
    "high_volume_days": 6
  },
  "momentum": {
    "continuation_rate": 0.4772727272727273,
    "reversal_rate": 0.5227272727272727
  },
  "traps": {
    "trap_rate": 0.5306122448979592,
    "clean_rate": 0.4693877551020408,
    "total_traps": 26
  }
}