{
  "gradient_boosting": 0.38675382202497444,
  "random_forest": 0.37993757720873367,
  "ridge": 0.23330860076629192
}